,pred_0,pred_1,pred_2,pred_3,pred_4,pred_5,pred_6,pred_7,pred_8,pred_9,pred_10,pred_11,pred_12,pred_13,pred_14
true_0,100,0,0,0,0,0,0,0,0,0,0,0,0,0,0
true_1,0,148,0,0,0,0,0,0,0,0,0,0,0,0,0
true_2,0,0,100,0,0,0,0,0,0,0,0,0,0,0,0
true_3,0,0,0,100,0,0,0,0,0,0,0,0,0,0,0
true_4,0,0,0,0,15,0,0,0,0,0,0,0,0,0,0
true_5,0,0,0,0,0,212,0,0,0,0,0,0,0,0,1
true_6,0,0,0,0,0,0,100,0,0,0,0,0,0,0,0
true_7,0,0,0,0,0,0,0,191,0,0,0,0,0,0,0
true_8,0,0,0,0,0,0,0,0,95,0,0,0,0,0,0
true_9,0,0,0,0,0,0,0,0,0,177,0,0,0,0,0
true_10,0,0,0,0,0,0,0,0,0,0,168,0,0,0,0
true_11,0,0,0,0,0,1,0,0,0,0,0,139,0,0,0
true_12,0,0,0,0,0,0,0,0,0,0,0,0,321,0,0
true_13,0,0,0,0,0,0,0,0,0,0,0,0,0,37,0
true_14,0,0,0,0,0,0,0,0,0,0,0,0,0,0,159
